{"type":"Topology","transform":{"scale":[0.002840497942569259,0.0030113831331985866],"translate":[100.11978149414062,0.8623941932270406]},"arcs":[[[535,786],[42,-13],[-3,-45],[-29,-5],[-10,63]],[[5324,1503],[9,-33],[-19,-2],[-6,20],[16,15]],[[549,700],[19,-5],[0,-9],[-21,-2],[2,16]],[[1238,596],[42,-11],[29,-62],[42,-42],[1,-35],[53,-77],[61,-152],[-2,-50],[-170,39],[-68,-45],[-56,-9],[-30,73],[-147,67],[-43,38],[-47,6],[-69,75]],[[834,411],[18,96],[20,7]],[[872,514],[37,140]],[[909,654],[34,-10],[61,-70],[63,-24],[72,23],[89,-42],[10,65]],[[77,1566],[3,132],[-53,94]],[[27,1792],[60,65],[0,29]],[[87,1886],[101,-32],[56,0],[14,-70],[85,10],[9,-96],[-46,-64]],[[306,1634],[-21,-94],[-26,-52],[-41,-8],[-66,-79],[-21,16]],[[131,1417],[20,5],[-7,137],[-67,7]],[[851,1655],[-56,-51],[19,-107],[-7,-63],[33,-32],[12,-59],[41,-49]],[[893,1294],[-18,-24],[-85,8],[-47,-28],[-37,30],[-63,14],[-1,-34],[-43,20],[-70,-57],[-88,23]],[[441,1246],[-14,23],[39,59],[-8,39],[36,95],[75,29],[2,51],[-30,5],[12,78]],[[553,1625],[45,1],[45,37],[11,53],[40,69],[96,-33],[61,-97]],[[834,411],[-118,39],[-63,57]],[[653,507],[71,37],[66,-2],[82,-28]],[[653,507],[-42,8],[-21,54],[-29,6]],[[561,575],[13,92],[47,-1],[30,52],[-19,78]],[[632,796],[168,-47],[109,-95]],[[1162,1100],[6,-71],[-25,-14],[-14,-64],[53,-72],[-23,-52],[13,-51],[-6,-86],[14,-38],[58,-56]],[[632,796],[-54,47],[18,67],[-66,56]],[[530,966],[-18,108],[-42,41],[-6,56],[-29,4],[6,71]],[[893,1294],[67,-27],[12,-70],[44,-9],[-27,-51],[0,-63],[50,6],[83,-65],[5,84],[35,1]],[[97,1416],[4,71],[-24,79]],[[131,1417],[-34,-1]],[[48,1534],[32,-21],[-18,-43],[-35,6],[21,58]],[[245,992],[-40,13],[24,65],[-54,26],[-17,51],[15,36],[-24,150],[-37,12],[-15,71]],[[306,1634],[53,-56],[49,67],[108,40],[37,-60]],[[530,966],[-98,-20],[-96,8],[-6,21],[-85,17]],[[27,1792],[-27,52],[18,94],[43,4],[26,-56]],[[5381,1362],[53,57],[-72,60],[87,100],[47,-33],[50,22],[4,50],[52,28],[25,110],[195,191],[33,-46],[83,31],[26,98],[65,-16],[20,-107],[75,2],[74,-58],[0,-69],[-53,-20],[35,-91],[122,55],[37,-68],[317,-148],[31,18],[42,-26],[12,-63],[-75,-46],[-200,-47],[-54,35],[-73,-44],[52,-82],[174,-65],[-87,-29],[-197,-46],[-120,53],[-9,-69],[-50,4],[-73,63],[-81,-15],[-159,16],[-47,-27],[-26,30],[-71,-1],[-28,-37],[-67,38],[-26,-55],[-51,-36]],[[5473,1079],[0,68],[-32,15],[-12,82],[40,55],[-18,70],[-70,-7]],[[5473,1079],[-30,-170],[25,-57],[-28,5],[-26,-140],[-120,-27],[-25,-36],[1,-132],[-65,-60],[-34,7],[-8,-138],[-78,-141],[-60,26],[-66,-35],[-17,18],[-124,-30],[6,-25],[-76,-29],[-14,30],[-51,-5],[-30,29],[-66,4],[-25,53],[-210,14],[-96,-49],[-20,-102],[-80,-6],[-32,-40],[-61,13],[-45,-25],[-17,26],[-95,15],[-109,-20],[-31,-28],[-83,-24],[-106,45],[-32,63],[-42,7],[-41,64],[-40,9],[-63,64],[8,53],[-37,7],[-18,40],[32,20],[123,-102],[182,16],[2,-43],[94,-22],[18,25],[68,-33],[69,197],[0,97],[27,11],[6,118],[39,-47],[91,62],[466,106],[166,205],[124,120],[58,68],[-2,87],[98,-22],[29,-89],[41,5],[62,-85],[66,40],[31,91],[-26,11],[-23,96],[74,31],[21,-24],[26,-124],[68,-14],[-4,100],[-38,111],[54,-20],[27,18]],[[561,575],[-83,33],[-74,66],[33,36],[-20,75],[-42,42],[-46,82],[-83,59],[-1,24]],[[851,1655],[105,-86],[51,-23],[74,-83],[88,-161],[1,-103],[18,-49],[-26,-50]]],"objects":{"layer1":{"type":"GeometryCollection","geometries":[{"type":"Polygon","arcs":[[0]],"id":0,"properties":{"Name":"Federal Territory of Kuala Lumpur"}},{"type":"Polygon","arcs":[[1]],"id":1,"properties":{"Name":"Federal Territory of Labuan"}},{"type":"Polygon","arcs":[[2]],"id":2,"properties":{"Name":"Federal Territory of Putrajaya"}},{"type":"Polygon","arcs":[[3,4,5,6]],"id":3,"properties":{"Name":"Johor"}},{"type":"Polygon","arcs":[[7,8,9,10,11]],"id":4,"properties":{"Name":"Kedah"}},{"type":"Polygon","arcs":[[12,13,14,15]],"id":5,"properties":{"Name":"Kelantan"}},{"type":"Polygon","arcs":[[16,17,-5]],"id":6,"properties":{"Name":"Melaka"}},{"type":"Polygon","arcs":[[18,19,20,-6,-18]],"id":7,"properties":{"Name":"Negeri Sembilan"}},{"type":"Polygon","arcs":[[21,-7,-21,22,23,-14,24]],"id":8,"properties":{"Name":"Pahang"}},{"type":"MultiPolygon","arcs":[[[25,-12,26]],[[27]]],"id":9,"properties":{"Name":"Penang"}},{"type":"Polygon","arcs":[[28,-27,-11,29,-15,-24,30]],"id":10,"properties":{"Name":"Perak"}},{"type":"Polygon","arcs":[[31,-9]],"id":11,"properties":{"Name":"Perlis"}},{"type":"Polygon","arcs":[[32,33]],"id":12,"properties":{"Name":"Sabah"}},{"type":"Polygon","arcs":[[-34,34]],"id":13,"properties":{"Name":"Sarawak"}},{"type":"Polygon","arcs":[[35,-31,-23,-20],[-1],[-3]],"id":14,"properties":{"Name":"Selangor"}},{"type":"Polygon","arcs":[[36,-25,-13]],"id":15,"properties":{"Name":"Terengganu"}}]}},"bbox":[100.11978149414062,0.8623941932270406,119.267578125,6.975501953620172]}